Workbook

Sheet 入力
A1: 時報入力シート
A2: 日付 | B2: 46293 | D2: =設定!B3 -> SL東京1部1課
A3: 【入力ルール】黄色セル＝手入力（その時間帯に発生した件数）／グレー＝自動計算。メンバー名は「設定」シートで変更します。
A4: ※ 12時報告ブロックにはサンプル値が入っています。実運用時は上書き（または削除）してください。
A6: 【12時報告】（〜12:00） | B6: =IF(設定!B7="","",設定!B7) -> 松下 魁翔 | C6: =IF(設定!B8="","",設定!B8) -> 中村 遼太 | D6: =IF(設定!B9="","",設定!B9) -> 加藤 真央 | E6: =IF(設定!B10="","",設定!B10) -> 大門 隼人 | F6: =IF(設定!B11="","",設定!B11) -> 杉本 賢亮 | G6: =IF(設定!B12="","",設定!B12) | H6: =IF(設定!B13="","",設定!B13) | I6: 合計
A7: 新規商談訪問数（自アポ） | B7: 3 | C7: 2 | D7: 4 | E7: 3 | F7: 2 | I7: =SUM(B7:H7) -> 14
A8: 新規商談訪問数（IS） | B8: 2 | C8: 3 | D8: 1 | E8: 2 | F8: 3 | I8: =SUM(B8:H8) -> 11
A9: 有効提案取得数（自アポ） | B9: 1 | C9: 0 | D9: 1 | E9: 0 | F9: 1 | I9: =SUM(B9:H9) -> 3
A10: 有効提案取得数（IS） | B10: 0 | C10: 1 | D10: 0 | E10: 1 | F10: 1 | I10: =SUM(B10:H10) -> 3
A11: 当日提案取得数 | B11: 1 | C11: 1 | D11: 1 | E11: 0 | F11: 2 | I11: =SUM(B11:H11) -> 5
A12: 提案訪問数 | B12: 2 | C12: 1 | D12: 2 | E12: 1 | F12: 2 | I12: =SUM(B12:H12) -> 8
A13: 有効ヨミ取得数 | B13: 1 | C13: 0 | D13: 1 | E13: 1 | F13: 0 | I13: =SUM(B13:H13) -> 3
A15: 【15時報告】（12:00〜15:00） | B15: =IF(設定!B7="","",設定!B7) -> 松下 魁翔 | C15: =IF(設定!B8="","",設定!B8) -> 中村 遼太 | D15: =IF(設定!B9="","",設定!B9) -> 加藤 真央 | E15: =IF(設定!B10="","",設定!B10) -> 大門 隼人 | F15: =IF(設定!B11="","",設定!B11) -> 杉本 賢亮 | G15: =IF(設定!B12="","",設定!B12) | H15: =IF(設定!B13="","",設定!B13) | I15: 合計
A16: 新規商談訪問数（自アポ） | I16: =SUM(B16:H16) -> 0
A17: 新規商談訪問数（IS） | I17: =SUM(B17:H17) -> 0
A18: 有効提案取得数（自アポ） | I18: =SUM(B18:H18) -> 0
A19: 有効提案取得数（IS） | I19: =SUM(B19:H19) -> 0
A20: 当日提案取得数 | I20: =SUM(B20:H20) -> 0
A21: 提案訪問数 | I21: =SUM(B21:H21) -> 0
A22: 有効ヨミ取得数 | I22: =SUM(B22:H22) -> 0
A24: 【当日累計】（自動計算） | B24: =IF(設定!B7="","",設定!B7) -> 松下 魁翔 | C24: =IF(設定!B8="","",設定!B8) -> 中村 遼太 | D24: =IF(設定!B9="","",設定!B9) -> 加藤 真央 | E24: =IF(設定!B10="","",設定!B10) -> 大門 隼人 | F24: =IF(設定!B11="","",設定!B11) -> 杉本 賢亮 | G24: =IF(設定!B12="","",設定!B12) | H24: =IF(設定!B13="","",設定!B13) | I24: 合計
A25: 新規商談訪問数（自アポ） | B25: =SUM(B7,B16) -> 3 | C25: =SUM(C7,C16) -> 2 | D25: =SUM(D7,D16) -> 4 | E25: =SUM(E7,E16) -> 3 | F25: =SUM(F7,F16) -> 2 | G25: =SUM(G7,G16) -> 0 | H25: =SUM(H7,H16) -> 0 | I25: =SUM(B25:H25) -> 14
A26: 新規商談訪問数（IS） | B26: =SUM(B8,B17) -> 2 | C26: =SUM(C8,C17) -> 3 | D26: =SUM(D8,D17) -> 1 | E26: =SUM(E8,E17) -> 2 | F26: =SUM(F8,F17) -> 3 | G26: =SUM(G8,G17) -> 0 | H26: =SUM(H8,H17) -> 0 | I26: =SUM(B26:H26) -> 11
A27: 有効提案取得数（自アポ） | B27: =SUM(B9,B18) -> 1 | C27: =SUM(C9,C18) -> 0 | D27: =SUM(D9,D18) -> 1 | E27: =SUM(E9,E18) -> 0 | F27: =SUM(F9,F18) -> 1 | G27: =SUM(G9,G18) -> 0 | H27: =SUM(H9,H18) -> 0 | I27: =SUM(B27:H27) -> 3
A28: 有効提案取得数（IS） | B28: =SUM(B10,B19) -> 0 | C28: =SUM(C10,C19) -> 1 | D28: =SUM(D10,D19) -> 0 | E28: =SUM(E10,E19) -> 1 | F28: =SUM(F10,F19) -> 1 | G28: =SUM(G10,G19) -> 0 | H28: =SUM(H10,H19) -> 0 | I28: =SUM(B28:H28) -> 3
A29: 当日提案取得数 | B29: =SUM(B11,B20) -> 1 | C29: =SUM(C11,C20) -> 1 | D29: =SUM(D11,D20) -> 1 | E29: =SUM(E11,E20) -> 0 | F29: =SUM(F11,F20) -> 2 | G29: =SUM(G11,G20) -> 0 | H29: =SUM(H11,H20) -> 0 | I29: =SUM(B29:H29) -> 5
A30: 提案訪問数 | B30: =SUM(B12,B21) -> 2 | C30: =SUM(C12,C21) -> 1 | D30: =SUM(D12,D21) -> 2 | E30: =SUM(E12,E21) -> 1 | F30: =SUM(F12,F21) -> 2 | G30: =SUM(G12,G21) -> 0 | H30: =SUM(H12,H21) -> 0 | I30: =SUM(B30:H30) -> 8
A31: 有効ヨミ取得数 | B31: =SUM(B13,B22) -> 1 | C31: =SUM(C13,C22) -> 0 | D31: =SUM(D13,D22) -> 1 | E31: =SUM(E13,E22) -> 1 | F31: =SUM(F13,F22) -> 0 | G31: =SUM(G13,G22) -> 0 | H31: =SUM(H13,H22) -> 0 | I31: =SUM(B31:H31) -> 3
A32: 有効提案取得率（自アポ） | B32: =IF(N((B25))=0,"-",(B27)/(B25)) -> 0.33333333 | C32: =IF(N((C25))=0,"-",(C27)/(C25)) -> 0 | D32: =IF(N((D25))=0,"-",(D27)/(D25)) -> 0.25 | E32: =IF(N((E25))=0,"-",(E27)/(E25)) -> 0 | F32: =IF(N((F25))=0,"-",(F27)/(F25)) -> 0.5 | G32: =IF(N((G25))=0,"-",(G27)/(G25)) -> - | H32: =IF(N((H25))=0,"-",(H27)/(H25)) -> - | I32: =IF(N((I25))=0,"-",(I27)/(I25)) -> 0.21428571
A33: 有効提案取得率（IS） | B33: =IF(N((B26))=0,"-",(B28)/(B26)) -> 0 | C33: =IF(N((C26))=0,"-",(C28)/(C26)) -> 0.33333333 | D33: =IF(N((D26))=0,"-",(D28)/(D26)) -> 0 | E33: =IF(N((E26))=0,"-",(E28)/(E26)) -> 0.5 | F33: =IF(N((F26))=0,"-",(F28)/(F26)) -> 0.33333333 | G33: =IF(N((G26))=0,"-",(G28)/(G26)) -> - | H33: =IF(N((H26))=0,"-",(H28)/(H26)) -> - | I33: =IF(N((I26))=0,"-",(I28)/(I26)) -> 0.27272727
A34: 有効提案取得率（自アポ＋IS合算） | B34: =IF(N((B25+B26))=0,"-",(B27+B28)/(B25+B26)) -> 0.2 | C34: =IF(N((C25+C26))=0,"-",(C27+C28)/(C25+C26)) -> 0.2 | D34: =IF(N((D25+D26))=0,"-",(D27+D28)/(D25+D26)) -> 0.2 | E34: =IF(N((E25+E26))=0,"-",(E27+E28)/(E25+E26)) -> 0.2 | F34: =IF(N((F25+F26))=0,"-",(F27+F28)/(F25+F26)) -> 0.4 | G34: =IF(N((G25+G26))=0,"-",(G27+G28)/(G25+G26)) -> - | H34: =IF(N((H25+H26))=0,"-",(H27+H28)/(H25+H26)) -> - | I34: =IF(N((I25+I26))=0,"-",(I27+I28)/(I25+I26)) -> 0.24

Sheet 課長報告
A1: 課長報告シート（部長への時報）
A2: 数値は「入力」シートから自動集計されます。右側の緑セルの文面をコピーして部長へ送信してください。
A4: ="【"&設定!$B$4&"12時時報】"&設定!$B$3 -> 【1部12時時報】SL東京1部1課 | F4: ▼ 部長への報告文（12時）
A5: 項目 | B5: 件数 | C5: 訪問数（分母） | D5: 率 | F5: ="【"&設定!$B$4&"12時時報】"&TEXT(入力!$B$2,"m/d")&CHAR(10)&設定!$B$3&CHAR(10)&CHAR(10)&"■有効提案取得（自アポ）"&CHAR(10)&B6&" / "&C6&" = "&IF(N(C6)=0,"-",TEXT(B6/C6,"0.0%"))&CHAR(10)&CHAR(10)&"■有効提案取得（IS）"&CHAR(10)&B7&" / "&C7&" = "&IF(N(C7)=0,"-",TEXT(B7/C7,"0.0%"))&CHAR(10)&CHAR(10)&"■有効提案取得（自アポ＋IS合算）"&CHAR(10)&B8&" / "&C8&" = "&IF(N(C8)=0,"-",TEXT(B8/C8,"0.0%"))&CHAR(10)&CHAR(10)&"■当日提案取得数"&CHAR(10)&B9&"件"&CHAR(10)&CHAR(10)&"■有効ヨミ取得数（÷提案訪問数）"&CHAR(10)&B10&" / "&C10&" = "&IF(N(C10)=0,"-",TEXT(B10/C10,"0.0%")) -> 【1部12時時報】9/28 SL東京1部1課 ■有効提案取得（自アポ） 3 / 14 = 21.4% ■有効提案取得（IS） 3 / 11 = 27.3% ■有効提案取得（自アポ＋IS合算） 6 / 25 = 24.0% ■当日提案取得数 5件 ■有効ヨミ取得数（÷提案訪問数） 3 / 8 = 37.5%
A6: 有効提案取得（自アポ） | B6: =入力!$I$9 -> 3 | C6: =入力!$I$7 -> 14 | D6: =IF(N(C6)=0,"-",B6/C6) -> 0.21428571
A7: 有効提案取得（IS） | B7: =入力!$I$10 -> 3 | C7: =入力!$I$8 -> 11 | D7: =IF(N(C7)=0,"-",B7/C7) -> 0.27272727
A8: 有効提案取得（自アポ＋IS合算） | B8: =入力!$I$9+入力!$I$10 -> 6 | C8: =入力!$I$7+入力!$I$8 -> 25 | D8: =IF(N(C8)=0,"-",B8/C8) -> 0.24
A9: 当日提案取得数 | B9: =入力!$I$11 -> 5
A10: 有効ヨミ取得数（÷提案訪問数） | B10: =入力!$I$13 -> 3 | C10: =入力!$I$12 -> 8 | D10: =IF(N(C10)=0,"-",B10/C10) -> 0.375
A19: ="【"&設定!$B$4&"15時時報】"&設定!$B$3 -> 【1部15時時報】SL東京1部1課 | F19: ▼ 部長への報告文（15時）
A20: 項目 | B20: 件数 | C20: 訪問数（分母） | D20: 率 | F20: ="【"&設定!$B$4&"15時時報】"&TEXT(入力!$B$2,"m/d")&CHAR(10)&設定!$B$3&CHAR(10)&CHAR(10)&"■有効提案取得（自アポ）"&CHAR(10)&B21&" / "&C21&" = "&IF(N(C21)=0,"-",TEXT(B21/C21,"0.0%"))&CHAR(10)&CHAR(10)&"■有効提案取得（IS）"&CHAR(10)&B22&" / "&C22&" = "&IF(N(C22)=0,"-",TEXT(B22/C22,"0.0%"))&CHAR(10)&CHAR(10)&"■有効提案取得（自アポ＋IS合算）"&CHAR(10)&B23&" / "&C23&" = "&IF(N(C23)=0,"-",TEXT(B23/C23,"0.0%"))&CHAR(10)&CHAR(10)&"■当日提案取得数"&CHAR(10)&B24&"件"&CHAR(10)&CHAR(10)&"■有効ヨミ取得数（÷提案訪問数）"&CHAR(10)&B25&" / "&C25&" = "&IF(N(C25)=0,"-",TEXT(B25/C25,"0.0%")) -> 【1部15時時報】9/28 SL東京1部1課 ■有効提案取得（自アポ） 3 / 14 = 21.4% ■有効提案取得（IS） 3 / 11 = 27.3% ■有効提案取得（自アポ＋IS合算） 6 / 25 = 24.0% ■当日提案取得数 5件 ■有効ヨミ取得数（÷提案訪問数） 3 / 8 = 37.5%
A21: 有効提案取得（自アポ） | B21: =入力!$I$9+入力!$I$18 -> 3 | C21: =入力!$I$7+入力!$I$16 -> 14 | D21: =IF(N(C21)=0,"-",B21/C21) -> 0.21428571
A22: 有効提案取得（IS） | B22: =入力!$I$10+入力!$I$19 -> 3 | C22: =入力!$I$8+入力!$I$17 -> 11 | D22: =IF(N(C22)=0,"-",B22/C22) -> 0.27272727
A23: 有効提案取得（自アポ＋IS合算） | B23: =入力!$I$9+入力!$I$18+入力!$I$10+入力!$I$19 -> 6 | C23: =入力!$I$7+入力!$I$16+入力!$I$8+入力!$I$17 -> 25 | D23: =IF(N(C23)=0,"-",B23/C23) -> 0.24
A24: 当日提案取得数 | B24: =入力!$I$11+入力!$I$20 -> 5
A25: 有効ヨミ取得数（÷提案訪問数） | B25: =入力!$I$13+入力!$I$22 -> 3 | C25: =入力!$I$12+入力!$I$21 -> 8 | D25: =IF(N(C25)=0,"-",B25/C25) -> 0.375

Sheet 設定
A1: 設定
A3: 部署名 | B3: SL東京1部1課
A4: 時報タイトル（部） | B4: 1部
A6: No. | B6: メンバー名
A7: 1 | B7: 松下 魁翔
A8: 2 | B8: 中村 遼太
A9: 3 | B9: 加藤 真央
A10: 4 | B10: 大門 隼人
A11: 5 | B11: 杉本 賢亮
A12: 6
A13: 7
A15: ※ 黄色セルを変更すると「入力」「課長報告」シートに自動反映されます。No.6・7は増員用の予備枠です。
